<PAMDataset>
  <PAMRasterBand band="1">
    <Description>coastline_NC</Description>
  </PAMRasterBand>
  <PAMRasterBand band="2">
    <Description>dem_NC</Description>
  </PAMRasterBand>
  <PAMRasterBand band="3">
    <Description>NLCD_Land</Description>
    <GDALRasterAttributeTable tableType="thematic">
      <FieldDefn index="0">
        <Name>Value</Name>
        <Type>0</Type>
        <Usage>0</Usage>
      </FieldDefn>
      <FieldDefn index="1">
        <Name>NLCD_Land</Name>
        <Type>2</Type>
        <Usage>0</Usage>
      </FieldDefn>
      <FieldDefn index="2">
        <Name>Red</Name>
        <Type>0</Type>
        <Usage>0</Usage>
      </FieldDefn>
      <FieldDefn index="3">
        <Name>Green</Name>
        <Type>0</Type>
        <Usage>0</Usage>
      </FieldDefn>
      <FieldDefn index="4">
        <Name>Blue</Name>
        <Type>0</Type>
        <Usage>0</Usage>
      </FieldDefn>
      <FieldDefn index="5">
        <Name>Opacity</Name>
        <Type>0</Type>
        <Usage>0</Usage>
      </FieldDefn>
      <Row index="0">
        <F>0</F>
        <F>Unclassified</F>
        <F>0</F>
        <F>0</F>
        <F>0</F>
        <F>0</F>
      </Row>
      <Row index="1">
        <F>11</F>
        <F>Open Water</F>
        <F>70</F>
        <F>107</F>
        <F>159</F>
        <F>255</F>
      </Row>
      <Row index="2">
        <F>12</F>
        <F>Perennial Snow/Ice</F>
        <F>209</F>
        <F>222</F>
        <F>248</F>
        <F>255</F>
      </Row>
      <Row index="3">
        <F>21</F>
        <F>Developed, Open Space</F>
        <F>222</F>
        <F>197</F>
        <F>197</F>
        <F>255</F>
      </Row>
      <Row index="4">
        <F>22</F>
        <F>Developed, Low Intensity</F>
        <F>217</F>
        <F>146</F>
        <F>130</F>
        <F>255</F>
      </Row>
      <Row index="5">
        <F>23</F>
        <F>Developed, Medium Intensity</F>
        <F>235</F>
        <F>0</F>
        <F>0</F>
        <F>255</F>
      </Row>
      <Row index="6">
        <F>24</F>
        <F>Developed, High Intensity</F>
        <F>171</F>
        <F>0</F>
        <F>0</F>
        <F>255</F>
      </Row>
      <Row index="7">
        <F>31</F>
        <F>Barren Land</F>
        <F>179</F>
        <F>172</F>
        <F>159</F>
        <F>255</F>
      </Row>
      <Row index="8">
        <F>41</F>
        <F>Deciduous Forest</F>
        <F>104</F>
        <F>171</F>
        <F>95</F>
        <F>255</F>
      </Row>
      <Row index="9">
        <F>42</F>
        <F>Evergreen Forest</F>
        <F>28</F>
        <F>95</F>
        <F>44</F>
        <F>255</F>
      </Row>
      <Row index="10">
        <F>43</F>
        <F>Mixed Forest</F>
        <F>181</F>
        <F>197</F>
        <F>143</F>
        <F>255</F>
      </Row>
      <Row index="11">
        <F>52</F>
        <F>Shrub/Scrub</F>
        <F>204</F>
        <F>184</F>
        <F>121</F>
        <F>255</F>
      </Row>
      <Row index="12">
        <F>71</F>
        <F>Herbaceous</F>
        <F>223</F>
        <F>223</F>
        <F>194</F>
        <F>255</F>
      </Row>
      <Row index="13">
        <F>81</F>
        <F>Hay/Pasture</F>
        <F>220</F>
        <F>217</F>
        <F>57</F>
        <F>255</F>
      </Row>
      <Row index="14">
        <F>82</F>
        <F>Cultivated Crops</F>
        <F>171</F>
        <F>108</F>
        <F>40</F>
        <F>255</F>
      </Row>
      <Row index="15">
        <F>90</F>
        <F>Woody Wetlands</F>
        <F>184</F>
        <F>217</F>
        <F>235</F>
        <F>255</F>
      </Row>
      <Row index="16">
        <F>95</F>
        <F>Emergent Herbaceous Wetlands</F>
        <F>108</F>
        <F>159</F>
        <F>184</F>
        <F>255</F>
      </Row>
    </GDALRasterAttributeTable>
  </PAMRasterBand>
  <PAMRasterBand band="4">
    <Description>Fall_NDVI_NC</Description>
  </PAMRasterBand>
  <PAMRasterBand band="5">
    <Description>Spring_NDVI_NC</Description>
  </PAMRasterBand>
  <PAMRasterBand band="6">
    <Description>Summer_NDVI_NC</Description>
  </PAMRasterBand>
  <PAMRasterBand band="7">
    <Description>Winter_NDVI_NC</Description>
  </PAMRasterBand>
  <PAMRasterBand band="8">
    <Description>avg_prcp_NC</Description>
  </PAMRasterBand>
  <PAMRasterBand band="9">
    <Description>tmax_NC</Description>
  </PAMRasterBand>
  <PAMRasterBand band="10">
    <Description>tmin_NC</Description>
  </PAMRasterBand>
  <PAMRasterBand band="11">
    <Description>urban_imperviousness_NC</Description>
  </PAMRasterBand>
  <PAMRasterBand band="12">
    <Description>waterbody_NC</Description>
  </PAMRasterBand>
</PAMDataset>
